CGCTGGACAGCCTGTG-1	923
GACTGCGAGCCGATTT-1	1046
GCAGTTACAGTTAACC-1	2601
AAGACCTAGTGTCCAT-1	589
ACGGAGAAGCTGCAAG-1	509
CGTCACTAGACGACGT-1	303
ACACTGAGTATCGCAT-1	1807
CGCGGTAAGGACCACA-1	332
GCATGATCACGGTTTA-1	533
CGTCCATAGCTATGCT-1	1121
GATGAGGTCAGGCAAG-1	1098
CCTATTACAATTCCTT-1	391
CCTCAGTTCAACTCTT-1	840
CAGCTAAAGCACCGTC-1	338
CAGTCCTGTGCTGTAT-1	457
ACCCACTTCGAGCCCA-1	1077
TTTGCGCTCTATCCCG-1	717
TCTATTGTCCGCATCT-1	445
CCCATACGTCGACTAT-1	318
TACCTATAGTCTCCTC-1	366
GTATTCTTCAAACGGG-1	783
ACTTTCACACGAAGCA-1	2155
GCCTCTATCCCATTTA-1	382
AGGGATGCAGATTGCT-1	656
GTGCATACAACTGCGC-1	471
ACTTTCAGTTCCTCCA-1	696
CCGGGATAGTGTCTCA-1	1676
TGCCCATGTCAACTGT-1	274
TAGTTGGGTACACCGC-1	711
TTCTCCTCAGTCACTA-1	442
TGGACGCTCCAGTAGT-1	638
AGCTCCTTCCACTCCA-1	348
GGGCATCAGCTGTCTA-1	330
AACGTTGCATCCCACT-1	656
TGAGGGAAGGATGGTC-1	2253
CTAAGACAGTTGAGAT-1	522
CATCAGATCACCACCT-1	1048
AAGCCGCCATGTCCTC-1	771
CTCATTACACAACGCC-1	430
GTCTCGTTCAGTACGT-1	387
TCAGGTAGTAGCTGCC-1	2018
TTTGTCATCTAACGGT-1	767
GGGCATCTCGGCCGAT-1	610
TGACTTTGTCTGCAAT-1	369
GGACAGAAGAGGTAGA-1	345
ACCAGTAAGGGCTTGA-1	656
AGGGAGTCATGCCACG-1	389
CACAGGCGTACGCTGC-1	417
TCGGGACGTCTCTTTA-1	659
GTGCAGCTCACTTCAT-1	342
CCTCTGACAATAGCGG-1	561
CTCACACTCAACACGT-1	364
GGATTACGTGGTTTCA-1	662
GATCGATTCTCATTCA-1	407
ATAACGCGTCAAACTC-1	993
TGACTAGGTGTTAAGA-1	829
TGGTTCCGTGTGACGA-1	564
CGTGAGCTCGTCCGTT-1	448
TCTCATAGTCCTCTTG-1	289
CTACCCAGTACCGCTG-1	328
AGCTTGACAAGTAATG-1	380
GGGACCTTCATCATTC-1	764
AGCCTAAGTCATGCCG-1	1170
CGCGTTTGTGTAAGTA-1	537
CCCTCCTCACATCCGG-1	314
AAGTCTGTCTATCCCG-1	837
GTTAAGCAGAAACGCC-1	546
GCTCTGTGTCATGCCG-1	643
CTCGTACCATGAACCT-1	361
CCGTGGACACCTCGTT-1	526
TAGACCATCTGCGGCA-1	678
CTTGGCTCATGCAATC-1	504
CAGTAACCACATTAGC-1	939
CGCTTCACAGATCTGT-1	500
TTTGCGCGTGGCTCCA-1	455
TCTTCGGTCGTAGGTT-1	336
GCTCCTATCCTTCAAT-1	508
GGGCATCTCTTGAGGT-1	454
GACTGCGAGTTACCCA-1	1147
CGTAGGCGTAAGAGAG-1	1373
GACGTGCGTCTAGCCG-1	468
AGCGGTCGTGCAGTAG-1	1977
AGAGCTTTCAGCTCGG-1	699
TCTTCGGGTCACAAGG-1	614
GCCTCTACATAACCTG-1	433
TTCTCAATCGTTTATC-1	424
TGTTCCGGTAAGGGCT-1	4711
GAGCAGATCCAATGGT-1	486
CCTTTCTTCTTTACGT-1	565
GGATTACTCTAGCACA-1	439
TGCGCAGTCAGCCTAA-1	1227
GAATGAACAACGCACC-1	1774
CTGATCCGTCACACGC-1	487
TCTTTCCAGCGTTTAC-1	374
TGGTTAGGTTGCTCCT-1	619
GAACCTACATTGCGGC-1	585
TTTGTCAAGTACGATA-1	854
CCTAAAGAGTCTCAAC-1	1160
GCAAACTGTATAGTAG-1	360
AACTTTCAGCAATCTC-1	568
ACGCAGCTCTCTTATG-1	423
GACTACAAGTGCCATT-1	365
TCTCATACATGTAAGA-1	888
GCATGCGGTTGGAGGT-1	1789
CGGACACCACGACTCG-1	3324
GACCTGGTCTCTAAGG-1	354
AATCCAGCAGCTCGCA-1	814
AGCGGTCCACCACCAG-1	523
CCTAGCTAGCCCAGCT-1	904
GTTCTCGCAAACGCGA-1	1250
ATCATGGTCATCACCC-1	566
TCGCGAGGTGACTACT-1	666
CGTTAGAGTCTAGTCA-1	2150
TTCTCCTAGCCATCGC-1	678
TACTCATCAGGGATTG-1	387
CTGATCCCAGCTTAAC-1	350
CCTTTCTGTCACTTCC-1	1430
CACATAGCACTTAACG-1	1187
TACTTACCATGATCCA-1	345
TTGGAACTCCTCGCAT-1	621
GTATCTTTCTCTTGAT-1	681
TAAGAGAAGCCTCGTG-1	480
TAAACCGCAAGTCTAC-1	355
GTTCGGGTCTGTCTAT-1	1462
ACGATACAGGCAATTA-1	1159
GGGAATGAGTCCAGGA-1	880
CTCAGAAAGCACCGCT-1	597
CAGCATAGTCTTCTCG-1	510
GTAGTCATCACATAGC-1	409
CGGCTAGCACGACTCG-1	434
CTGAAACCAGGACGTA-1	261
CATCGGGAGGCTCAGA-1	329
GGGCATCTCTCATTCA-1	350
CATGCCTCAGGCAGTA-1	507
CACATAGGTACCGGCT-1	454
GATCGATAGGACTGGT-1	578
CAACCTCGTACCGAGA-1	1654
CCTCAGTCACGTCAGC-1	608
AACTCCCCACAAGCCC-1	408
TTGAACGCACACCGCA-1	1010
GGCTCGACAAACTGTC-1	469
GTAACGTGTTTGTTTC-1	333
GCACATATCTGACCTC-1	3185
CATTCGCTCAACGCTA-1	627
GTAGGCCCACGGTTTA-1	2356
GTCTCGTTCCTATTCA-1	579
ACGAGGAGTCTGATTG-1	359
CCATTCGAGGACGAAA-1	439
GCATGCGAGAAACCGC-1	444
GAAGCAGGTTCCATGA-1	1581
ACTTGTTGTGTAATGA-1	901
GTTCATTCACCAGGCT-1	460
ACACCGGTCCACGAAT-1	932
ACGGAGAAGGGCTTGA-1	1420
TTCTACATCTGTTGAG-1	545
CATTATCTCAGTTCGA-1	554
GTTCATTCACTCGACG-1	900
CACCACTAGAGACTTA-1	2449
CATGACAGTCTAAAGA-1	694
CAGCTAAGTCTACCTC-1	1033
TCAGCTCTCACAGGCC-1	267
ACGTCAACATAGGATA-1	1284
TCAATCTGTGTGACCC-1	374
CGTCAGGAGGCTAGCA-1	332
ACCGTAAGTGAGGCTA-1	400
TCGCGTTGTACATGTC-1	460
CTACACCAGGACCACA-1	351
GGACAGATCGTGGGAA-1	428
ACTTTCACAGGTCGTC-1	509
TGTGGTAAGTAGGTGC-1	914
GCATGCGAGCGTAATA-1	553
GTGCTTCCAGTTAACC-1	766
ACGAGCCTCGATCCCT-1	1667
ATAAGAGAGCTGAACG-1	1500
GTCGTAACAGCCTTGG-1	968
TTCTTAGTCGGCATCG-1	1181
TTGTAGGCATCTGGTA-1	597
GTGCAGCTCCTTTACA-1	484
CTTAGGAAGAGGTTGC-1	367
GGATGTTGTCGCTTCT-1	751
CGACCTTCATTGGCGC-1	3234
GGAACTTGTCTCATCC-1	694
AAACGGGCATGTCCTC-1	987
CGTCCATAGCGGCTTC-1	745
AAAGTAGGTCAGAGGT-1	392
CTCGGGAGTATATGAG-1	404
GCACATATCATGTAGC-1	456
ACGGGCTCAAAGGTGC-1	379
TGTTCCGTCGAATCCA-1	952
TCAGCTCTCGGCTTGG-1	899
AGTCTTTCACATTTCT-1	1486
GCGCAGTAGCAGATCG-1	407
GGACAAGGTGCGAAAC-1	862
TACCTTATCTTGCATT-1	449
CAGTCCTTCTGATTCT-1	1297
CAGCTAACACGGTGTC-1	527
GCTCTGTTCCTGTAGA-1	839
AGAATAGAGCCAGGAT-1	1036
ACGGCCATCCACGACG-1	318
ATGCGATCAAGAAGAG-1	421
