TTGCCGTAGCTGTTCA-1	857
TACGGATGTTAGATGA-1	579
GGGAGATTCCCATTTA-1	1471
AGCAGCCCATAAAGGT-1	502
GGGTCTGAGGTGACCA-1	1118
TGCCCTAGTAGCGTAG-1	831
CTAGAGTCAGCCTTGG-1	575
TCGTACCCAGGTTTCA-1	518
AGAGCTTTCGTTTGCC-1	1413
GGAACTTGTAGAGTGC-1	413
GTCGGGTTCCACGTTC-1	447
TGAAAGACACCACGTG-1	463
AGGGTGAGTCCAGTTA-1	325
AACTCTTGTAAACCTC-1	296
TGGACGCCAGCTTCGG-1	437
TGTGTTTAGATAGGAG-1	375
CGTAGCGGTCAGAGGT-1	391
CTCGAAAGTCGACTGC-1	413
CCTTCCCGTACCGCTG-1	550
CCTACACAGCGTGAAC-1	392
TTAGGACTCCTACAGA-1	348
ACCCACTAGAGCTTCT-1	343
TACACGAGTGCAACTT-1	2105
ACATCAGGTTTGTTGG-1	395
CGCTTCAAGAGCTGCA-1	595
TCGAGGCGTATAGTAG-1	2200
GACCTGGGTCTAAAGA-1	472
CTGATCCTCGTTGACA-1	347
CTAGAGTAGACCCACC-1	458
ACCGTAAGTCTGATTG-1	790
GGACATTAGCTAGTCT-1	485
GGGATGAAGAAACCTA-1	718
TAGTGGTCAGTCACTA-1	963
CGCTTCATCTGTGCAA-1	398
TGGTTCCCACTACAGT-1	657
CACACTCAGATGGGTC-1	388
CGATGTATCCAGAGGA-1	506
GGGCACTAGAGTGAGA-1	640
GTCGTAACAATTCCTT-1	829
CCAGCGACACAGACAG-1	2363
GTCCTCATCTTGTCAT-1	476
CTACCCACACCGAATT-1	1078
CTAACTTAGCGTGAGT-1	510
TTGCCGTAGCTCCTTC-1	576
GACTACATCTCCGGTT-1	1882
CTGTGCTTCTTGCAAG-1	3444
CCTTACGGTTGCCTCT-1	358
ATAACGCAGAGCTGCA-1	377
AGAGCTTAGAAGGACA-1	491
GACAGAGCAGGATCGA-1	387
ACGTCAATCATACGGT-1	433
AAGTCTGCAGCCACCA-1	613
TCTGGAATCTCTTGAT-1	399
ACTGTCCTCGAATGCT-1	568
TTCGAAGCAGCTCGCA-1	569
CAAGTTGAGTCCGTAT-1	945
AAGGCAGTCCCGACTT-1	839
CGAGCCAGTAGCTGCC-1	365
TGAGCCGAGTAGCGGT-1	395
TCGCGTTGTTCGCTAA-1	1141
CCACTACAGATCTGAA-1	388
ACATCAGCATACCATG-1	1283
CTCGTACGTTAGAACA-1	441
GACGTTAAGCAAATCA-1	626
AACGTTGGTAGAAGGA-1	467
TATCAGGAGACACGAC-1	697
CGCCAAGGTGCATCTA-1	426
GACGTGCCACAGTCGC-1	1066
GGACAAGGTACACCGC-1	1361
CAAGAAAGTTAAAGTG-1	1457
CGTGAGCGTCTGCCAG-1	700
CTCACACTCATCACCC-1	1743
GACGGCTTCTGGGCCA-1	377
TGATTTCCACATGACT-1	364
GATTCAGGTAGCAAAT-1	554
GTTCATTTCACCACCT-1	594
CTACGTCCACAGACAG-1	413
ACGATACAGAACTCGG-1	477
TACCTTATCATAAAGG-1	879
GCAGTTATCGTATCAG-1	881
GTGTTAGGTAGGACAC-1	419
GCCAAATGTATCAGTC-1	543
GAATGAACATCACAAC-1	1673
TGGTTCCAGTCGAGTG-1	2324
CTCGAAAAGTTCGCAT-1	403
TCGTAGATCCACGCAG-1	523
GGCGTGTGTCATCGGC-1	408
CACACTCTCCTATTCA-1	610
TTCGGTCTCTTCATGT-1	589
ATTACTCAGATGGGTC-1	409
ATCACGATCGCCTGTT-1	466
CCTTACGAGCCAGAAC-1	512
GGGAATGAGATACACA-1	3711
GAGTCCGCACAAGCCC-1	1685
CGAACATTCCTCAACC-1	370
CTACATTTCTGTCTAT-1	808
GGGTCTGAGGGATCTG-1	1201
CGGCTAGCACCCATTC-1	1331
TCGTACCGTTATGTGC-1	1808
GACGTGCAGCAGGTCA-1	334
TCGTACCCATGGATGG-1	418
GCAGTTAAGGAGTTTA-1	2008
TACGGATCACGAAAGC-1	505
AGTTGGTAGGGCATGT-1	445
TATTACCGTACGACCC-1	512
AGAATAGTCTTCAACT-1	652
AGCATACCACACATGT-1	1704
GGCAATTCATTATCTC-1	652
AAGGTTCTCGAGAACG-1	359
TTCTCAATCGTTGCCT-1	621
ATGTGTGAGTTCGATC-1	335
ACGGCCACAAGTAGTA-1	344
GGACATTCACGACTCG-1	873
CCTTACGGTGTAATGA-1	364
AATCGGTAGAGTAAGG-1	349
GCTGCAGAGTGTACCT-1	343
GACGGCTCAATCGAAA-1	1211
ACATCAGCAAGCGAGT-1	840
GGGACCTTCTCCAACC-1	437
GCGCGATAGCGTAATA-1	736
GATCGATCAAACCTAC-1	384
AGATTGCCACTTACGA-1	308
TCCACACCATCTGGTA-1	332
TTTACTGGTTGTTTGG-1	997
CGCCAAGGTACTCTCC-1	622
CCGGGATTCCGAAGAG-1	697
TATTACCGTAAATGTG-1	3167
GTCATTTTCGCTAGCG-1	1407
ACATGGTGTTACGTCA-1	574
TCAGGTAGTTTAGCTG-1	450
TCTTTCCAGCGTTTAC-1	374
GTACGTATCATTATCC-1	587
CTAACTTCATTCACTT-1	715
CACATTTAGCGACGTA-1	1146
CGTTCTGAGTCTCAAC-1	682
AGATCTGAGCCGATTT-1	574
GTCATTTCACCGTTGG-1	837
GCTCTGTTCCTTGCCA-1	386
CTTCTCTGTTCGAATC-1	1151
GATCAGTGTTCCCGAG-1	329
CACCACTGTGAAAGAG-1	797
AAGGCAGAGTCCTCCT-1	1751
ACCCACTTCCGGGTGT-1	598
CAGCTAAGTCTACCTC-1	1033
CAGGTGCTCACTCCTG-1	596
TGAGAGGTCAACTCTT-1	455
TCTGGAATCGGTTCGG-1	633
CACATAGAGCAATATG-1	386
AATCGGTCAAAGAATC-1	634
GCGGGTTCACAGCCCA-1	380
CACACTCTCCTGTACC-1	2678
GTCCTCATCTTTAGTC-1	2652
ACATCAGAGTGTACCT-1	328
ACGGGTCTCACTTATC-1	799
CTCCTAGTCTATCGCC-1	805
CACCACTGTCATCGGC-1	468
GCAATCACATAGACTC-1	1893
GTCGTAAGTCAAAGAT-1	412
TACGGATTCTTAGCCC-1	875
TCCACACTCGGATGTT-1	384
CACAGTAGTTGGAGGT-1	759
TTGCGTCTCACATACG-1	527
CAACCAACAACACCTA-1	711
AGCTCTCGTTCGGCAC-1	828
GATTCAGTCATCACCC-1	587
GACTAACCATGTAAGA-1	356
ACACCGGGTAGGAGTC-1	343
TGCCCATTCCACGTTC-1	727
TGAGAGGTCAAGCCTA-1	455
TTTGCGCGTTACCGAT-1	419
CCGGGATAGTGCCAGA-1	389
TTAGGACAGGAGTTGC-1	733
CGCTTCATCGAACGGA-1	603
CCCATACAGGCAGGTT-1	3715
TTAACTCAGGCATGGT-1	1488
GTGTGCGGTGTTGGGA-1	548
CTCATTACATGCCACG-1	475
ATGTGTGTCGCTTAGA-1	541
GACTACAAGATCCGAG-1	441
ATCATGGTCATCACCC-1	566
TACACGAAGACTACAA-1	1288
AGGTCCGGTTCTGAAC-1	502
TGAGCATCAATAACGA-1	1016
ACACCAATCTCTAAGG-1	457
GACCTGGTCCCTCTTT-1	713
CTCTGGTAGTGATCGG-1	1182
CTTAACTAGGTCGGAT-1	2852
CGCCAAGTCCGCAAGC-1	410
AAGGAGCAGATGCCTT-1	1473
CTTACCGCAAGGACTG-1	879
CATGCCTAGTGGGCTA-1	335
CAAGATCTCTAACCGA-1	434
TAGGCATGTGTGAATA-1	376
TACTCATAGACAATAC-1	1054
TCGTAGATCTCACATT-1	809
GGAAAGCCAGGGATTG-1	673
TCACAAGCAGTGACAG-1	360
GGAATAATCTTGCAAG-1	1092
TCTATTGTCTAACTGG-1	408
TGAGCATAGTTCGCGC-1	686
