GCTCCTACAGGTGGAT-1	1307
CAGTCCTCATACTACG-1	955
CATATTCCATCCCACT-1	681
GGTATTGTCCTTTACA-1	730
TCATTACTCCAAACTG-1	543
TTAACTCGTTCCGTCT-1	549
TCTTCGGGTTCGCGAC-1	502
CTGCTGTCAGGCAGTA-1	1166
CTCACACTCCCTCTTT-1	1468
ACTTGTTTCTGCTGCT-1	582
TTCGAAGCACCGGAAA-1	425
AGCATACCAGTATGCT-1	685
CAGTCCTTCACTTATC-1	767
CTACGTCGTGAGGCTA-1	1011
CGTGTAATCTCATTCA-1	423
CACAGTAGTACTTGAC-1	1138
TCAGCAATCGGCGGTT-1	346
AGACGTTCAGCCTTTC-1	623
AAAGCAACATGGAATA-1	969
CCACCTATCAGAGGTG-1	482
CGATCGGCAGTGACAG-1	859
GTTACAGGTTCACCTC-1	2666
CTTACCGGTTCAACCA-1	2251
TCACGAACAGCCTATA-1	390
TGAGAGGGTACCATCA-1	675
TTGCCGTCAAGAGTCG-1	314
TGCCCATGTAAACCTC-1	347
TCTGAGAAGCACAGGT-1	356
CTTCTCTAGAGTCGGT-1	547
CTACACCAGTCCAGGA-1	488
TTGGAACCAGATAATG-1	694
TGGCCAGGTGCAGTAG-1	349
CAAGAAAGTGTGACGA-1	385
ATCATCTAGCCACGTC-1	1123
TAGGCATGTCAAACTC-1	505
AAAGCAAAGCGAAGGG-1	435
AGGGAGTAGTACACCT-1	585
TACACGAAGGGATACC-1	443
GGACGTCAGGCATGTG-1	586
CCTCAGTAGACACTAA-1	1730
CCATTCGAGGACGAAA-1	439
CAGGTGCCATCGACGC-1	370
GCTGGGTTCGAACTGT-1	480
ATAACGCAGCTACCTA-1	885
GAACCTAGTCCATCCT-1	337
CCACTACGTCACCTAA-1	643
CGTAGGCGTTGGTAAA-1	587
TTGCCGTCATCCTAGA-1	350
CCTTACGTCACGCGGT-1	494
TCCCGATTCAGATAAG-1	553
GCTGCGACAAGGACAC-1	369
GTGCTTCTCTTCGAGA-1	1769
AGGTCATCATTACGAC-1	556
GAACATCAGTACACCT-1	1298
AAATGCCAGATATACG-1	710
ACTTACTAGCAAATCA-1	342
TGCGGGTAGTTCCACA-1	512
CGCTTCACAACTGGCC-1	455
ATCATCTGTATCACCA-1	296
AGCTTGATCGGATGTT-1	984
ACTTACTGTTTAGGAA-1	514
ACCGTAATCCCAACGG-1	480
CTACATTTCATTCACT-1	1675
AGCATACAGGAGTACC-1	1583
CGGACGTTCACATGCA-1	671
CGCTTCAAGCTAAGAT-1	383
AGCGGTCAGCTAAGAT-1	775
GCTGCAGAGGTAGCTG-1	408
CCTTTCTGTAAGGATT-1	657
CACAGGCGTACCGTAT-1	513
GCGCGATTCCTATGTT-1	665
TAAACCGCAAGTCTAC-1	355
TTTGTCACACACGCTG-1	758
CTGAAACGTCTCGTTC-1	762
GGACAGAGTTGGTTTG-1	1170
CGGACTGCAGTAGAGC-1	501
CTTAACTAGGTAGCTG-1	355
GCAGTTAGTCTCTCTG-1	670
CATCGAATCACTCCTG-1	321
CTTCTCTTCACCGGGT-1	585
TGTGGTAAGGTGTTAA-1	593
GGACGTCCAAAGTCAA-1	1799
TACGGTATCTGTCTAT-1	846
GCTGCAGTCACATGCA-1	400
AGTGTCACATAGGATA-1	561
GGGTTGCCACTGCCAG-1	376
AGAGCTTAGGCGCTCT-1	462
CAGATCAAGGGTCTCC-1	435
CTAGAGTAGATCCGAG-1	334
CATCAAGCAGTATCTG-1	692
CGGACTGCATTGGCGC-1	426
AGTGGGACAGACACTT-1	2422
CTACACCGTCCCTACT-1	306
CGAACATAGGCTAGGT-1	682
AACTCCCCAACACCTA-1	628
TTATGCTTCGGCTACG-1	416
TCAGATGCAAGTTCTG-1	2174
AGCTCTCGTACGCTGC-1	762
GGACAGAAGCTCCTTC-1	517
GGCGACTCAAGACGTG-1	372
ACGATACCATCACGAT-1	842
ACGCCGACAGCTGCAC-1	896
CCTACCATCCATTCTA-1	1944
TACGGTATCGCATGAT-1	452
CTCGTACTCTGGTGTA-1	447
GGCTCGAAGAGCAATT-1	368
TAAACCGTCCACGAAT-1	511
CACACCTGTTGCGCAC-1	795
CAGATCAGTGAAGGCT-1	338
CCAATCCAGAAGATTC-1	335
GTGGGTCCAATGTTGC-1	1967
CGTTAGAAGCCACTAT-1	562
ACCGTAACAGCCTGTG-1	353
CACAGGCGTACGCTGC-1	417
TCTATTGCACTAAGTC-1	326
GTTTCTATCTTATCTG-1	633
GTCGTAAGTCGCTTCT-1	412
CAAGTTGTCTCTGAGA-1	2522
ACGCCAGAGATGGGTC-1	430
GACTAACTCAGTGTTG-1	558
CTTGGCTGTCTGATCA-1	1167
GCCAAATGTAAGTGTA-1	712
GTCGGGTTCCACGTTC-1	447
ACTTACTAGTACGTAA-1	392
ACCCACTTCGTTTATC-1	371
TGAAAGATCATCACCC-1	2042
CTCGGGAGTCTTGCGG-1	415
TAAGAGACACATTAGC-1	1258
TGTGGTAAGTAGGTGC-1	914
TATTACCTCTTCATGT-1	663
CCCTCCTGTCGCCATG-1	627
AGCGGTCTCGCCTGTT-1	473
TATGCCCAGCGCCTTG-1	473
TAGGCATGTGGTCCGT-1	895
TCGTACCGTCCGCTGA-1	846
GGAATAACACTGTCGG-1	2949
GACCTGGTCCACTGGG-1	316
CTACGTCTCCTCTAGC-1	675
TCTTCGGCACATGACT-1	589
TTCTACAGTTGATTGC-1	373
CCGTACTCATTATCTC-1	332
CACACCTTCTGTACGA-1	624
ACCAGTAAGCGTCTAT-1	383
CTAAGACGTACAGTGG-1	417
GAGTCCGAGATAGTCA-1	2016
TACGGTACACCAGCAC-1	416
CTTAGGAGTATGAAAC-1	1088
GCTGCGATCTGCTGTC-1	979
CAGCATAGTCAGATAA-1	459
AAACCTGCACCAGTTA-1	396
CGAGCACCACTCTGTC-1	461
CGTAGGCGTGGGTATG-1	1292
AGCTCTCTCAATCACG-1	622
GCAAACTGTATAGTAG-1	360
GCATGATTCAACACAC-1	705
ACTTACTCAGTGGGAT-1	334
TGAGCATAGCAATATG-1	320
CCTTCCCAGACAGGCT-1	4516
CGACCTTCAGTGGGAT-1	3446
ACGGAGAAGAATTCCC-1	453
TAAGAGACAATGAATG-1	661
TTTGCGCGTGCTGTAT-1	425
CTACACCGTTCGAATC-1	1284
TCGCGAGCATCACCCT-1	330
TTCTACAAGTACGTAA-1	962
AAACCTGAGGGTTTCT-1	547
TCAGGATGTTGATTCG-1	918
GGATTACGTAAGTTCC-1	1919
ACTGAACCAGTTAACC-1	455
ACCCACTTCGAGCCCA-1	1077
GCATACAAGTCAATAG-1	1193
ACTGTCCAGTCGATAA-1	1388
CGAGCACCATGCCTAA-1	622
GCGCGATAGACACGAC-1	595
AAAGCAATCGCTTGTC-1	502
TCGTAGATCATGCAAC-1	1346
CTGAAGTCAAGCTGGA-1	1431
GACTACAAGTGCCATT-1	365
CTCGAGGGTCAGAAGC-1	515
ATGAGGGAGTGTCCAT-1	1655
ACTTTCACAGGTTTCA-1	630
CTTTGCGAGGACTGGT-1	367
TTGGAACAGCGATATA-1	347
TACTTACAGTTTAGGA-1	354
CAGGTGCGTTAGTGGG-1	736
GATTCAGGTAGCAAAT-1	554
TCAACGAGTCTAGCGC-1	384
TGCTACCAGAAGGCCT-1	336
GGGAATGGTTTAGGAA-1	522
GTCGTAACAGGTCGTC-1	314
CTACATTAGGGCTTCC-1	559
ATCGAGTAGTCCGGTC-1	346
GCGCGATAGAATCTCC-1	2251
CTGCCTACACTCAGGC-1	656
TCTCTAAGTTCAGACT-1	215
TGGGAAGGTTCCATGA-1	504
GGACGTCTCGGTCCGA-1	782
AGATCTGTCGCGTAGC-1	439
TCGTACCCATTCACTT-1	1237
GAAGCAGGTTCCATGA-1	1581
